attachment_id,attachable_id,attachable_type
007713ab-e42a-4c36-8bd5-5cc76ac365cd,561,App\Models\Exams\Item
00a8725c-98c4-49f2-8a10-041ed4c9b356,1199,App\Models\Exams\Item
010b9cfe-dbf8-438c-be86-24b8060b711f,645,App\Models\Exams\Item
01127304-39b2-45dd-9d01-013a6924d7f4,928,App\Models\Exams\Item
0143de30-1329-4310-b605-dae64fd3c3e1,706,App\Models\Exams\Item
0190d9d7-17ad-47d7-9f4e-f4451ff41510,409,App\Models\Exams\Item
01aff29d-796f-484a-af04-e3ecdb27eca2,911,App\Models\Exams\Item
01f640f8-af8f-4806-9cc7-4dbc0b7406d3,637,App\Models\Exams\Item
01f969d1-1b50-4e2d-bb5e-bcc2ba67fb48,859,App\Models\Exams\Item
02783a17-deb7-4d83-a331-6f4e78691bd9,467,App\Models\Exams\Item
030d53f0-86f2-4a6b-b809-bac41bb19b8c,207,App\Models\Exams\Item
03977792-4267-4c80-8bdc-a43bb916b38b,668,App\Models\Exams\Item
0402664a-164d-456e-9617-e6d056fb3512,614,App\Models\Exams\Item
04053646-fc55-48ff-ac03-23b4ce56ad67,200,App\Models\Exams\Item
04454c04-a19e-4403-8562-b3e0d8129073,725,App\Models\Exams\Item
04934c0d-caf2-4160-817f-321d1b91ca5f,524,App\Models\Exams\Item
04b81dd3-33bc-48bc-b5a3-bf990fa0174b,657,App\Models\Exams\Item
04c2565b-f4a9-410e-a7f6-499ab56ddfcb,901,App\Models\Exams\Item
04e885b4-070d-4b6b-a6f0-7462e98f4e2c,225,App\Models\Exams\Item
057e590d-4303-4461-bad8-8fc89281d56d,723,App\Models\Exams\Item
0672ac7a-6c23-4eae-a1ec-7dea776a0459,1068,App\Models\Exams\Item
068b6f8a-05c5-45de-8b63-596a8be12a45,217,App\Models\Exams\Item
06a46b27-22e1-4fb1-bd10-61e6cc46a8fa,96,App\Models\Exams\Item
06f0f105-1136-4a95-a1bf-e5cfc47357f7,67,App\Models\Exams\Item
0705a11c-87ac-442a-93c2-2ef2b9281e7f,841,App\Models\Exams\Item
070f8ed4-cf83-49f1-ac8e-39f783468df3,528,App\Models\Exams\Item
071e98a0-1166-4f4b-8537-711225c4f4ec,227,App\Models\Exams\Item
07270880-d439-488a-b6ae-c929771584c6,1208,App\Models\Exams\Item
074c5893-6b6d-43d7-bb1e-4caa8bf5070c,1034,App\Models\Exams\Item
078a68a7-0326-43e5-a78a-8ac04be54755,949,App\Models\Exams\Item
07a63677-eb99-4c80-b8c8-7e7d766b9f4a,721,App\Models\Exams\Item
07b361cc-db35-4416-8b69-214e0414af36,912,App\Models\Exams\Item
0849227b-e2a8-49e7-a1e2-d9fa0d4ad9bc,1031,App\Models\Exams\Item
09699b98-07a3-4783-9b6c-e16a0677b958,1111,App\Models\Exams\Item
097af4df-003c-4a95-8b23-e7e4b20de4dd,1071,App\Models\Exams\Item
09bf375d-a21d-4fe1-b608-e3fc6eb5a1d4,379,App\Models\Exams\Item
0a9e3466-59e9-4233-a1f9-a55b8a4199df,236,App\Models\Exams\Item
0aafd4d5-213d-4e48-84a2-a44f8ed918db,436,App\Models\Exams\Item
0ac04be4-bcce-4f5e-bbb1-b799b67777d2,356,App\Models\Exams\Item
0adb0665-fd82-46df-a6aa-9a950cf82f6b,652,App\Models\Exams\Item
0b2522ba-4d88-41ff-8825-cc4fdd761449,478,App\Models\Exams\Item
0b2876e3-3f18-44b2-8188-727f410c3b20,1158,App\Models\Exams\Item
0b4746d8-18e3-45fe-9e4e-9958043d4abc,161,App\Models\Exams\Item
0bce5684-d70b-4e14-950e-e75bc0281cff,1111,App\Models\Exams\Item
0bfc6dcf-c246-4273-b272-9a3af6a88c47,264,App\Models\Exams\Item
0c322265-50a0-4195-b6df-d6ec00407e06,384,App\Models\Exams\Item
0c389f7c-cded-428f-9822-d8b31f17898e,623,App\Models\Exams\Item
0c65365b-4def-493c-bfd9-ef9a52170502,443,App\Models\Exams\Item
0dd1dc98-86ff-45b8-b183-a55477979783,926,App\Models\Exams\Item
0dd98b82-3abb-4ee7-9261-ae4de5e21c10,1194,App\Models\Exams\Item
0e0c4a66-7602-48da-b380-652a26fb3029,382,App\Models\Exams\Item
0e13db59-fa58-4902-8717-df0d6796d30d,917,App\Models\Exams\Item
0e4a2a4b-7e9c-4a14-ac0c-a9c1d3ef2b09,383,App\Models\Exams\Item
0e4fce2c-f9b1-403c-88c7-3ab612790ca0,1177,App\Models\Exams\Item
0edd9f18-acdc-4714-9e64-e6466182cb48,851,App\Models\Exams\Item
0eee1825-d706-4177-b855-da91d42d76f6,619,App\Models\Exams\Item
0f079f1f-b2d6-4a22-97e2-8826037c8d3e,845,App\Models\Exams\Item
0f351893-0e42-478f-80c9-bd25b7bba8c3,1095,App\Models\Exams\Item
0f37fdb7-d4dd-485f-958f-38b5335246bb,614,App\Models\Exams\Item
0f3e285e-77f7-440c-86a8-01bef49dd3e9,831,App\Models\Exams\Item
0f61deb6-8f0b-46be-82eb-e78dffd5c4a9,1238,App\Models\Exams\Item
0fa10036-4b83-44d9-8fc0-c7f7cdda5938,1062,App\Models\Exams\Item
0fbd8e7f-ea9d-4048-af6c-39ad24d656ae,909,App\Models\Exams\Item
10096290-ed11-4750-935f-7e61c54cea95,856,App\Models\Exams\Item
10379370-1f49-4156-930a-aad87ee56b14,544,App\Models\Exams\Item
104f88ed-7fe5-4407-9d87-6d0c21f77e1c,562,App\Models\Exams\Item
108bc034-b013-4ff8-b7fc-288b8eb69f5c,182,App\Models\Exams\Item
10a96336-b640-4fc0-a28f-5072aeede548,237,App\Models\Exams\Item
10c18921-c212-441d-90ff-9aaa1f1ae1c1,624,App\Models\Exams\Item
10f40e01-8d10-4fd8-ab94-cdb52ed615cd,561,App\Models\Exams\Item
110d9d59-2cc0-4102-a90b-b70f53e52a5b,956,App\Models\Exams\Item
117ed1e3-6e6e-4625-a6db-8bec6d1c7827,621,App\Models\Exams\Item
119b5e02-9add-46fe-af84-e210b58be670,875,App\Models\Exams\Item
1203b45e-b538-4fef-b0c1-1cc83e69f74e,1045,App\Models\Exams\Item
126d869b-ebb8-4d33-abc4-a321af968c94,730,App\Models\Exams\Item
12a3c4be-6723-46f3-a443-6d09dcd63b23,513,App\Models\Exams\Item
12ba3ae6-e20a-4cb8-8d7f-5c23cc9760e4,165,App\Models\Exams\Item
12edbdc0-9cd3-4ffb-8116-b1211a4320bd,521,App\Models\Exams\Item
130e1dc0-5389-44da-9191-3d7e22387049,940,App\Models\Exams\Item
1313e42d-ef25-4a2a-890d-09dc0779c8a5,1219,App\Models\Exams\Item
136a7242-ea94-48fb-bb68-649f6983f961,412,App\Models\Exams\Item
13e817ef-7b7e-4b3f-b5e0-9861a4b0304f,1233,App\Models\Exams\Item
1436ba40-3101-46c7-a53b-63c9440b3b52,894,App\Models\Exams\Item
14ae5681-f91a-420d-bf6c-7e4dbd1686c5,210,App\Models\Exams\Item
14cb53ce-fab3-45ad-8bd7-1dd150c5f990,1184,App\Models\Exams\Item
14fe8b53-27c1-4f72-884a-8972295cf778,99,App\Models\Exams\Item
154bbf76-2081-4259-9fa1-e68e7f4fa8f8,1202,App\Models\Exams\Item
157cedea-4ef5-43ed-96a5-63d9f192d0f6,617,App\Models\Exams\Item
15aba293-34ac-432f-b5c2-da0914540c03,487,App\Models\Exams\Item
15c61c57-1f0e-4697-9b34-a17f01cb2e44,1149,App\Models\Exams\Item
15d1857d-378e-4763-8a62-8d3c7bb5fb11,19,App\Models\Exams\Item
15e1fbe0-11df-493b-b48c-f5cbb4cce60c,713,App\Models\Exams\Item
15f3656d-cbc7-4cdb-b2b8-99c51c10bf4b,94,App\Models\Exams\Item
16367556-c5d8-41f3-b5f1-f9b0db0bf313,898,App\Models\Exams\Item
1769c567-93cd-4dbe-80a4-3cc919999214,615,App\Models\Exams\Item
17769dfc-3bb2-45e0-9612-b9dec994b759,523,App\Models\Exams\Item
180620b8-44d4-45ae-8ad5-41a2d058d2d6,1010,App\Models\Exams\Item
186a29a5-2974-4cd0-b652-8d164439a7ff,554,App\Models\Exams\Item
18e7da87-f794-46de-94fe-425b089b1352,899,App\Models\Exams\Item
1927eee7-feea-4844-b92d-5a9dd7975b7c,560,App\Models\Exams\Item
19560bd4-4051-4715-af2f-2bc6bb46a68f,551,App\Models\Exams\Item
198aa3b0-2775-4068-b6f1-700210d08060,867,App\Models\Exams\Item
1997b89b-6c82-4874-8216-86398efd5a89,392,App\Models\Exams\Item
1a3fb38c-cc9a-4dcd-8455-ef6aa6bc185c,101,App\Models\Exams\Item
1a65196c-2588-424f-9eeb-0120317d9635,1248,App\Models\Exams\Item
1a7586c4-97d5-4bd6-90fd-e027c55f01c4,904,App\Models\Exams\Item
1acbfa84-f467-4a30-8f16-1df8a03dc83f,1012,App\Models\Exams\Item
1b1ff086-b68c-438b-9cb0-9952c134f22b,294,App\Models\Exams\Item
1b3683fc-65d5-421f-b5b5-9ae2980524e4,385,App\Models\Exams\Item
1b591aa1-c684-4241-ab32-a58e58134700,884,App\Models\Exams\Item
1bd9e76c-e9e2-425e-a3f7-cc998e572a86,256,App\Models\Exams\Item
1be9b9a1-003b-471d-83c7-31a06f108630,717,App\Models\Exams\Item
1c5b4d82-ea45-4bce-aa66-79be94e93dc0,655,App\Models\Exams\Item
1c767d80-841e-428a-9d54-7299f02ddfa7,92,App\Models\Exams\Item
1c9cb9f6-b220-479f-91f9-3d6e7fe55a5a,622,App\Models\Exams\Item
1d1f7c57-61ab-42dc-8b49-797a7bff69ed,1247,App\Models\Exams\Item
1d4c9075-7e84-4e67-a0d6-3c36359e76c5,197,App\Models\Exams\Item
1d823513-f45d-4b39-8701-39e2c5219e38,19,App\Models\Exams\Item
1e01af65-2523-4d9b-8c00-2ffe519e4c88,1039,App\Models\Exams\Item
1e0c1115-c500-4fd4-acf3-038100128748,387,App\Models\Exams\Item
1e5a169f-447b-4544-ad7e-3b6f6dd286c3,950,App\Models\Exams\Item
1ea03e8b-f986-40e3-b615-11dd4b74e9c6,728,App\Models\Exams\Item
1f186831-63cb-4075-83be-e98e2a77f924,847,App\Models\Exams\Item
1f1d316e-9b5b-4942-b057-e1577eff8c95,1181,App\Models\Exams\Item
1f59864f-a429-4600-ab8c-fb8a51609ad0,1228,App\Models\Exams\Item
1f76c815-7560-4d1c-a6ef-40f7eaddaeac,863,App\Models\Exams\Item
1fd8fd35-6279-41d7-ad0e-07545795fdc0,730,App\Models\Exams\Item
200a9856-69a3-49ee-8977-0076526f78c0,1072,App\Models\Exams\Item
21114634-a574-487a-bc4d-562c115a73cb,1067,App\Models\Exams\Item
21127948-1c27-4bd3-8f50-e8e37e74b50b,375,App\Models\Exams\Item
2176f17f-029f-4fca-9ba7-7fd3cff895f0,406,App\Models\Exams\Item
217d04ef-643f-4eb5-a8da-e7e24eb27d19,1228,App\Models\Exams\Item
219923db-74b6-40c4-8797-a5a506948150,556,App\Models\Exams\Item
21e21e32-0092-4fe5-8835-6d5431f6963c,400,App\Models\Exams\Item
21e4adca-0a3e-4d93-8e77-75c5f7610c62,1038,App\Models\Exams\Item
22f4d3fa-c7a1-4b2b-a6ca-31073490adbb,877,App\Models\Exams\Item
230f3fa1-ac05-44d0-ba41-a7b4d8d61186,1241,App\Models\Exams\Item
23e954e2-f3d1-4baf-b801-a1870fc7ab3f,1225,App\Models\Exams\Item
244f8cb0-6cee-4c2e-8950-81eab5fc2b65,517,App\Models\Exams\Item
246938f0-bd0a-4824-bbd6-a4a5fef000e4,1243,App\Models\Exams\Item
24a3df9b-a11c-4cac-82fc-db85de3bbe6e,531,App\Models\Exams\Item
25aed315-19d9-4aa4-ada6-5ac2a88517c3,1056,App\Models\Exams\Item
25ef6b65-c176-4b40-8226-530703af752e,1027,App\Models\Exams\Item
25f35b40-01e8-4d20-abe7-c9b15098ed9e,709,App\Models\Exams\Item
2702b659-1679-4fd7-b269-cd2fb0854beb,866,App\Models\Exams\Item
271f4bb5-6460-4782-8f9b-97cd4165f5fe,402,App\Models\Exams\Item
276253f9-ce36-4f6f-97dc-2a4cd74f28f8,608,App\Models\Exams\Item
27922303-6ef6-4484-a041-50cd6b3702e9,1239,App\Models\Exams\Item
27d67423-2e2d-4e3c-b315-2ebb2e345f2a,1227,App\Models\Exams\Item
27e88da0-2685-4416-b753-00f88d2b58fa,374,App\Models\Exams\Item
27f1d8a7-04f5-46be-815c-fb8d25a729ee,1136,App\Models\Exams\Item
28575333-213c-467a-8387-911f8c3f4fbe,1044,App\Models\Exams\Item
285ed8b6-a97d-4c99-b340-4bbb8e8ffcf0,437,App\Models\Exams\Item
28dd5cab-84fc-4b19-941c-1ec96f91af36,395,App\Models\Exams\Item
294aa54f-58c0-44fd-ae57-32af4991d3f5,402,App\Models\Exams\Item
296515f0-793e-43ec-928b-49ab609059b5,113,App\Models\Exams\Item
29b7a3dd-bcd4-4717-b704-7ab0a86b23b8,803,App\Models\Exams\Item
29cd509f-eb2a-4032-91f5-7cf85c653868,843,App\Models\Exams\Item
2a4328f6-21ae-4309-99ca-e62bb9036e84,1237,App\Models\Exams\Item
2a8935c5-49d0-4606-a5d6-42fec3a05113,23,App\Models\Exams\Item
2aa80f71-d117-4138-b417-99c448e7804d,233,App\Models\Exams\Item
2acac094-a5d6-429b-8ec6-cd0bc4f49886,22,App\Models\Exams\Item
2b6002b3-1da9-41bd-909a-c1fd4d8cfe16,518,App\Models\Exams\Item
2bf2742f-1eca-414f-92a9-55ac2c5cfdcb,846,App\Models\Exams\Item
2c425042-79f7-4f7b-b23b-2e4f083d1c4d,597,App\Models\Exams\Item
2c459163-86db-435a-a57d-32a01676bad1,210,App\Models\Exams\Item
2c7b8377-f59a-45fd-835e-e8971001fcde,1184,App\Models\Exams\Item
2cdd268f-010b-4dd6-a76b-7109935b911e,863,App\Models\Exams\Item
2ce233cb-862d-4207-8273-7a95c75d268a,215,App\Models\Exams\Item
2d2a8472-f310-4022-afef-49dd6f795135,612,App\Models\Exams\Item
2d3af87c-e7aa-495c-a424-18de2002040a,552,App\Models\Exams\Item
2d555dfe-f7d8-4a03-a2c6-505a24de0335,831,App\Models\Exams\Item
2d972bdd-8770-490f-8a5f-f182270cab5e,1226,App\Models\Exams\Item
2dcf84a7-c48d-4372-aeac-2d4e83613373,1195,App\Models\Exams\Item
2dd5ffbc-06a1-45c1-8d43-c8b5dc989f5e,1149,App\Models\Exams\Item
2df35c5c-151a-424b-97a7-6b72c9cdaf1b,164,App\Models\Exams\Item
2eede71a-ef97-4416-bba6-018bb751c3ad,222,App\Models\Exams\Item
2fe1e3df-bee9-4c11-be3d-cef0d73f4f8d,719,App\Models\Exams\Item
2ff1ab4f-4438-4019-bd18-a25005e0de29,548,App\Models\Exams\Item
3010b086-43b6-4d62-96f7-766a20974caa,1200,App\Models\Exams\Item
301ed2ec-6510-4795-bf71-38ca072458e3,12,App\Models\Exams\Item
308edc02-d5c7-4abb-883a-0f242ed6a329,839,App\Models\Exams\Item
3095ec4d-ef90-42e3-b1c7-e5c3098114e1,565,App\Models\Exams\Item
30d5f75a-d96b-41d8-b2ff-870ac63ab7b6,653,App\Models\Exams\Item
31c28836-1b63-43e1-bd5f-eda272c911e1,1087,App\Models\Exams\Item
31f4298a-dd37-419c-9ecb-6987ee6abd3f,1189,App\Models\Exams\Item
32259ac1-2071-4ce9-a18a-324fcce4570c,547,App\Models\Exams\Item
32263e16-bde3-4ba9-9a4e-5b43279addac,630,App\Models\Exams\Item
32984a0a-23c9-4b2f-aa8a-388df7c8e2b2,186,App\Models\Exams\Item
333e2402-a58d-4ed3-8ed7-4f48870e0eae,1231,App\Models\Exams\Item
337ae7be-6420-41fc-a0b0-ef524504fd4d,966,App\Models\Exams\Item
33bd3822-6982-40f2-8abd-ffc653d20639,1190,App\Models\Exams\Item
33ee4ccd-e8a3-440e-887d-f09b853cb973,1101,App\Models\Exams\Item
33efb919-a161-44a2-bf69-966c9d023843,591,App\Models\Exams\Item
34230d9f-2b2b-49ec-8de4-5e7fc6e4f9b4,730,App\Models\Exams\Item
3435a37c-8c06-4b0f-ac6d-ec43ecb98d29,615,App\Models\Exams\Item
353b89b4-dcf8-438a-a91d-e1de531287c3,512,App\Models\Exams\Item
35db8308-05a6-4828-b4a6-64ade308985c,226,App\Models\Exams\Item
35e28913-e041-43a8-8afd-e8da35e74975,1156,App\Models\Exams\Item
3606a9bd-a32f-497c-beb2-8aa29d843f31,735,App\Models\Exams\Item
3663d266-a5eb-4153-97f3-be88eaca9e69,684,App\Models\Exams\Item
3693b1cc-588d-43a5-8cb3-4f6e96f866e8,802,App\Models\Exams\Item
36d43cd1-8d1d-40d8-8c73-7c6613442984,561,App\Models\Exams\Item
373605c6-1af4-47f9-b698-999b6c533f6a,949,App\Models\Exams\Item
37528af7-7f3d-459c-a9f5-d467c8cacb80,605,App\Models\Exams\Item
375fd808-85d9-411b-af67-c12e297f85ec,358,App\Models\Exams\Item
37c78bc2-3e83-4c97-9266-6207ba6023aa,248,App\Models\Exams\Item
38836cae-ce24-42fa-a3b1-0d83c5965b2d,673,App\Models\Exams\Item
388fc53c-4dd3-43a1-8301-81ccc189af51,515,App\Models\Exams\Item
38bd9dbf-5c03-451b-8765-6ac972b0fb37,620,App\Models\Exams\Item
390e2569-2200-4920-9463-5b31c490a6ff,189,App\Models\Exams\Item
392b51c0-593a-4413-a71d-2aa3edf88958,1228,App\Models\Exams\Item
3937e585-dafa-458e-815f-22339d808326,671,App\Models\Exams\Item
3944da6c-318c-4ddf-8ac8-4dd185e4ecec,362,App\Models\Exams\Item
3954fc35-e347-489a-a293-1618ebd70a56,1157,App\Models\Exams\Item
3993d2de-8f0f-42cc-b862-0d8c85bd5ca4,425,App\Models\Exams\Item
39961c53-64bf-4dea-b6d9-7ef0c04357c3,1156,App\Models\Exams\Item
39c96fc0-7c24-4a3a-801b-2ee68c4fd425,1168,App\Models\Exams\Item
3a01c1cb-9f94-4871-b7bc-2c703673df47,630,App\Models\Exams\Item
3a49cf36-60bd-48f8-9ec6-0e9d1e7abf99,110,App\Models\Exams\Item
3a4a6f33-3234-498c-8027-6797163f26dd,834,App\Models\Exams\Item
3a5b036a-249a-4e4b-b173-287579e701bb,561,App\Models\Exams\Item
3a6ad20f-37e1-4cd3-b702-fcaf14d57c8d,867,App\Models\Exams\Item
3a74e31c-e518-48fd-962a-6019ce00f37e,283,App\Models\Exams\Item
3a809e7a-cc1e-40bb-bc38-d251837db7e3,458,App\Models\Exams\Item
3aadf7d4-1c58-4010-9347-0d0521839e80,590,App\Models\Exams\Item
3ad88924-0b06-46c5-8272-ac5dbe739695,23,App\Models\Exams\Item
3c2242de-d389-435b-88e3-a19163f2d895,390,App\Models\Exams\Item
3ca61f78-2010-4e02-a4ec-11dd15c01498,1045,App\Models\Exams\Item
3d2808ec-8552-4aee-936e-136dbd690ecb,312,App\Models\Exams\Item
3d2ea7f8-cca5-429c-8993-1366e78fe022,950,App\Models\Exams\Item
3d497f38-a0e1-4198-ac5b-66de7f88b3fa,667,App\Models\Exams\Item
3e43e17d-789f-4b27-b027-2999be02b303,1208,App\Models\Exams\Item
3f2a2457-d5bb-4184-8e13-fd4e29dd0931,1024,App\Models\Exams\Item
3f4f3d42-f31f-4721-9e23-deba22cca704,393,App\Models\Exams\Item
3f6f3a85-9285-41a0-9cbb-bccabcbfadaf,867,App\Models\Exams\Item
3f7b5f6f-fa46-4f0c-8a6b-e54f090a8d31,1041,App\Models\Exams\Item
3f91052c-a079-42f1-96e5-0c00b9f5e7df,20,App\Models\Exams\Item
3fef245c-34a9-4f96-af84-f7294ab1281e,246,App\Models\Exams\Item
3ff4e934-2a34-4bc1-b182-c8f8e1c2aaf1,714,App\Models\Exams\Item
404f9590-0935-429d-bac7-82929e115ee2,662,App\Models\Exams\Item
408f4c47-df7a-4c22-ab15-50c4e0a2619b,1028,App\Models\Exams\Item
40e89816-449d-4953-8329-709dca07eeb1,936,App\Models\Exams\Item
40ec6c77-c53b-42d8-9a28-89e3e1131690,247,App\Models\Exams\Item
41339fa0-4293-41f7-bb92-9b91d11260bd,1005,App\Models\Exams\Item
415ccc60-f8d5-4484-9ebd-00b4033d4681,920,App\Models\Exams\Item
416d1af1-e044-4b74-be35-321a5ff28bfb,106,App\Models\Exams\Item
4181153f-1b33-4b54-869e-341c36bba838,401,App\Models\Exams\Item
42026e23-1caa-40ff-b2be-956853a78fcf,556,App\Models\Exams\Item
42078c02-2851-48dc-a34e-ad6c7323013d,731,App\Models\Exams\Item
428ebb19-20d1-46b9-a09d-be69234dad92,720,App\Models\Exams\Item
42a8e9b8-d3b0-45c3-8341-03f1c2b91df7,1040,App\Models\Exams\Item
42ac0469-7961-4dbb-9d73-136f9303ef8d,1032,App\Models\Exams\Item
42d56b1f-9339-4fe6-a6b6-a8415e34d599,512,App\Models\Exams\Item
432850d6-9fd2-437e-afb8-53c487741d80,874,App\Models\Exams\Item
4328d45f-1305-4528-bac9-1f064802608d,230,App\Models\Exams\Item
435fa446-94c9-42d9-8b11-e2a9d8458d97,1075,App\Models\Exams\Item
438fb9c3-3854-4f76-a2a2-0ef21409445e,611,App\Models\Exams\Item
43ffaa0b-18db-4c97-b58c-b5970f282c9f,864,App\Models\Exams\Item
4418e0bb-a1f0-4fad-92f1-8d1138a62e7f,343,App\Models\Exams\Item
4489970a-d894-443a-ae80-ffcf6cb88abc,207,App\Models\Exams\Item
44bf382e-0b03-406f-9b52-f6b692fc1e5d,1196,App\Models\Exams\Item
44f77523-cadf-456f-816a-22017f09d400,647,App\Models\Exams\Item
450b405f-c6d3-467b-93e9-7350614408d8,193,App\Models\Exams\Item
45654c64-f780-4c68-a53a-f1621899a914,242,App\Models\Exams\Item
45bb3d6c-1f2e-40ab-8a28-394e6722f285,1235,App\Models\Exams\Item
45f1a387-5ad3-48e7-b92f-b938515be361,645,App\Models\Exams\Item
464bea75-a9c1-4162-a2c7-4b296d9e1648,839,App\Models\Exams\Item
4662c1c8-bc04-44a2-bb98-a75ab9880d7d,483,App\Models\Exams\Item
472f2f25-f07a-414e-8d83-8a50ed5b8be6,724,App\Models\Exams\Item
47c9210c-a469-47ff-8779-4812787562de,246,App\Models\Exams\Item
4844479c-5072-489c-8723-f731d272eafd,591,App\Models\Exams\Item
4868720c-2f3e-4d9e-9522-68e7a34055ca,838,App\Models\Exams\Item
48eb0ce9-2c32-441b-a101-434af67a1e20,985,App\Models\Exams\Item
49b85aee-cf3b-4abc-92c7-d9cac708ea0a,900,App\Models\Exams\Item
49e2a237-c6e6-4630-a782-86c8c6687a4f,1055,App\Models\Exams\Item
49e57998-a314-414c-bca1-97101a26ca75,912,App\Models\Exams\Item
4a006143-7dc8-4bf7-9baa-c033888f08da,1152,App\Models\Exams\Item
4a2e633d-7755-4e08-836a-6607ffda3bf0,391,App\Models\Exams\Item
4aa462dc-1b32-4fd9-9359-5ec0cf25bf55,345,App\Models\Exams\Item
4ab8df38-0dd3-4eec-9b89-ad14eadbdb51,1226,App\Models\Exams\Item
4b64b430-4775-4e9c-b8dd-c05fd2ff999f,1030,App\Models\Exams\Item
4b76921f-f6d0-4aee-880d-8a3bf92a601e,836,App\Models\Exams\Item
4c96768e-047c-43f7-ad30-e0c0f171d232,1030,App\Models\Exams\Item
4d0bed43-1f4f-441d-a8be-cefa6d10fe23,1142,App\Models\Exams\Item
4d1c8cd9-a5db-4dc2-b7d2-dcbe74ae4cfc,1240,App\Models\Exams\Item
4d293e72-20ed-4c63-ac9b-2c46fbc016e6,1048,App\Models\Exams\Item
4d2b10c6-8421-454b-988c-80980215fff7,1156,App\Models\Exams\Item
4d677823-e072-4fba-9ded-44d149a96bbf,1208,App\Models\Exams\Item
4d920f80-d0ed-4a34-92b9-df4a4fdfe792,718,App\Models\Exams\Item
4df2b021-01da-46a0-a63c-a23128083299,517,App\Models\Exams\Item
4e168825-b500-4846-b3cc-b88c81071ee0,1164,App\Models\Exams\Item
4e195221-b820-46c2-a9d1-43d5d3d35efa,404,App\Models\Exams\Item
4e39eb44-6a3c-49ce-abff-6fa03ab1c48b,1049,App\Models\Exams\Item
4f21e410-74cf-47db-8020-1640585db94e,1093,App\Models\Exams\Item
4f3ef554-416f-4a5a-b40d-61ef1d5acc8c,194,App\Models\Exams\Item
4f51d795-38a4-4721-ab6f-fbbd5b5a7119,413,App\Models\Exams\Item
4f8d4140-0afc-4448-8546-f2acf6ee6598,477,App\Models\Exams\Item
4fb41648-e6ec-4ad0-bec1-d08ad442c051,222,App\Models\Exams\Item
4fdcbd2f-db1e-4199-b48b-0f2542bcdf70,1136,App\Models\Exams\Item
5006eef4-b755-4995-b1db-c32a590059dc,362,App\Models\Exams\Item
500b126b-c12e-4667-8fe4-14114cf8e726,223,App\Models\Exams\Item
50967885-d5bd-4302-b783-1ed159538375,296,App\Models\Exams\Item
50ff8a01-be82-49d9-8271-b95df975cbff,918,App\Models\Exams\Item
51a3fa0e-f08d-4921-83d9-3b4362893e05,881,App\Models\Exams\Item
51a6ac75-9e35-40ff-aff6-92eaafebb585,1094,App\Models\Exams\Item
520fa440-1b08-49a9-925a-6ec789edb72f,525,App\Models\Exams\Item
521664d7-eb68-44f5-83dc-783b2c951b71,687,App\Models\Exams\Item
528ade04-5bef-473f-bc6c-6c7654ec5f8b,1193,App\Models\Exams\Item
52a47592-4044-4bd4-b7a7-52b7b3547de2,712,App\Models\Exams\Item
52ebf318-943d-4864-aeb1-a850e01d9828,745,App\Models\Exams\Item
533eb818-bce2-471a-b0fa-d73221eb155f,941,App\Models\Exams\Item
5395b5d3-e96a-44f8-a5c9-ebb4d5c3fe97,1179,App\Models\Exams\Item
53966184-4aa8-4da0-a8d5-3acffb6bf266,127,App\Models\Exams\Item
54285b3d-865c-436b-899f-fa5fc6ec2736,530,App\Models\Exams\Item
5433e190-557b-46e6-8046-c4ffa9b8cf53,1076,App\Models\Exams\Item
547c4469-bb0d-4174-bacd-c6e86a3dd7f0,725,App\Models\Exams\Item
5486add4-6e9c-4d93-b05d-58cbd68101ba,1092,App\Models\Exams\Item
548d2983-6988-4ec3-b721-70c25e9afadc,1230,App\Models\Exams\Item
54976a79-54a6-4a8c-8573-438ddb812828,604,App\Models\Exams\Item
54d7175d-9984-4a3f-9781-e8ee32adb0bf,1035,App\Models\Exams\Item
550adfc5-a4c3-4867-9d0d-d622e8b44450,1217,App\Models\Exams\Item
552e57e2-a580-4c52-8f1b-711a16c2ed63,618,App\Models\Exams\Item
5537a285-0716-4e70-89cc-6a1f79631b9c,712,App\Models\Exams\Item
560761b8-8ce3-4bab-9cec-c4ab08671d86,422,App\Models\Exams\Item
5634a3a6-f9d2-44a7-8a90-c2e7547d3500,637,App\Models\Exams\Item
563acec6-ba9c-436f-8e82-f6e28a046d14,1141,App\Models\Exams\Item
566c1cca-a2d1-45c0-992f-8fc9f94b49ef,848,App\Models\Exams\Item
56724e27-db6d-4d88-882d-cd1d9c463d7b,519,App\Models\Exams\Item
56818c15-ec89-4e34-af0e-68777f995fba,600,App\Models\Exams\Item
5687abff-d533-4b4f-9db2-4ab3ccd09a6a,895,App\Models\Exams\Item
56c73a48-a4be-4a2e-957e-f1c0aa6ba53f,1227,App\Models\Exams\Item
56ec955c-613b-4418-bc30-b1f9c3b1119c,249,App\Models\Exams\Item
56f0f1b9-d7bf-4840-a72f-df3f8d0d3fc3,1208,App\Models\Exams\Item
5704ff78-9854-4ac2-af45-d7860034129d,624,App\Models\Exams\Item
5714e3ac-feb3-4303-ba7e-9c77fdf5f442,713,App\Models\Exams\Item
57395935-900a-4de2-ba85-76638902f9af,1084,App\Models\Exams\Item
5746b57c-874c-457e-bcc5-6061570b720d,606,App\Models\Exams\Item
57bd9aae-03dc-4a4d-a4e1-056339c8862a,9,App\Models\Exams\Item
57d034d4-aab4-4821-a86d-736e1f420990,515,App\Models\Exams\Item
587b9b57-9118-477f-a6d8-e6e4a0f91859,536,App\Models\Exams\Item
58d2ccf6-cb64-4496-9282-e1110ed6102b,19,App\Models\Exams\Item
59043f0d-28bf-4293-b6b3-f1be240254fa,852,App\Models\Exams\Item
5985e055-4c1c-4cd6-aa12-c149dcd7eccc,906,App\Models\Exams\Item
5a12b724-2bcf-4bc3-945f-d435614acde9,203,App\Models\Exams\Item
5abc4607-2b11-4060-9144-3f181b671842,1036,App\Models\Exams\Item
5b5b6e78-d7b7-46f5-9924-82ba2dabd376,201,App\Models\Exams\Item
5bfc1a64-0f32-4c3c-bae3-7ecd54b52fc5,606,App\Models\Exams\Item
5c08d2c2-7d2e-4ee3-8393-13908212d604,726,App\Models\Exams\Item
5c0da743-3e0e-493e-95a1-a32c367f8508,628,App\Models\Exams\Item
5c273c2f-2049-434a-a474-6a42063b8c4b,1056,App\Models\Exams\Item
5cbe012f-64bd-41ae-8370-9fbb11c8ac92,1073,App\Models\Exams\Item
5cdbfc1b-313b-4a01-aecc-e139ef3f6070,688,App\Models\Exams\Item
5cf680f8-c4f9-4d6b-82a6-61e2ce969205,995,App\Models\Exams\Item
5d2fb6cf-829c-4ce5-b996-1f9ab327331e,1026,App\Models\Exams\Item
5d4140fc-848f-4e30-9dd7-5851e32c6623,954,App\Models\Exams\Item
5d631b76-3853-40bb-910e-83b7a4bdbd98,1043,App\Models\Exams\Item
5d63e163-dc91-4cf0-bfff-17e508f02169,1109,App\Models\Exams\Item
5d750d49-a431-4e6b-82dc-703b36154c20,107,App\Models\Exams\Item
5d9b7fa9-4d0b-42ae-9b9a-07476b5a0dd7,620,App\Models\Exams\Item
5de1720c-e9e9-4be8-9c31-fd21e93d2db8,1223,App\Models\Exams\Item
5e1eef4b-b34f-4b5d-b28d-c766e5f8951d,301,App\Models\Exams\Item
5e8faa9f-f71c-4fad-b251-eb8c70c12a63,524,App\Models\Exams\Item
5e9628d6-1655-46aa-9f09-53a4a1ef45db,624,App\Models\Exams\Item
5ee2977f-4612-431a-917f-c1060d68b7ed,1199,App\Models\Exams\Item
5f280d82-de1d-4667-a9be-fa988dd0d515,1229,App\Models\Exams\Item
5f38efdc-b0ab-481c-b0b9-858c40475933,74,App\Models\Exams\Item
5f416f7c-7549-421f-9d55-d1b34b330b41,191,App\Models\Exams\Item
5f8d96c2-ecf7-49c0-8382-87c3e588da13,991,App\Models\Exams\Item
5f9a4c42-cc14-4a13-a8f4-cafb481cbab1,278,App\Models\Exams\Item
5fa05847-a161-4ce9-981c-a8a0f80ee7ac,115,App\Models\Exams\Item
5fe2a4e7-df94-4295-a3af-ec819769c4cb,533,App\Models\Exams\Item
600cc4be-0ee1-4166-87a8-826912faa8be,19,App\Models\Exams\Item
6012d8f1-13af-4294-908d-3d1495046746,1128,App\Models\Exams\Item
6040f305-5a00-40e0-8be9-0abb0be17993,1243,App\Models\Exams\Item
6087118a-deb0-4dbd-8101-88bb529aceb0,208,App\Models\Exams\Item
60ed3336-878c-48f0-99cf-3287617eeff7,353,App\Models\Exams\Item
60feff6f-fb40-46d6-9328-becb1655c0a6,512,App\Models\Exams\Item
61d7ee50-b869-4d88-8832-618877f1f572,691,App\Models\Exams\Item
62911bb1-7681-41d6-ad1e-ea4983021ef8,958,App\Models\Exams\Item
62988a32-b240-4390-a051-4dd95ab80494,519,App\Models\Exams\Item
62c01c90-0d29-45cc-974d-76e071a2464d,1195,App\Models\Exams\Item
62e9ecbb-970f-4260-90aa-c2e34856693c,105,App\Models\Exams\Item
637c554c-b6de-4303-b0aa-5f0494a23f5f,1242,App\Models\Exams\Item
63c9f3f6-e054-40de-9c22-e2dc06ed9ceb,629,App\Models\Exams\Item
644e89b2-3f10-4c7b-a192-535f7c83f6fb,913,App\Models\Exams\Item
646f6aea-d721-47d1-91e0-6aad401aac7d,132,App\Models\Exams\Item
648d4b55-4c23-4739-855b-59a811b3ea2a,238,App\Models\Exams\Item
64ba0bff-1d81-45e6-8daa-e3f9da956f03,1051,App\Models\Exams\Item
64d038c8-aa18-464b-94df-51188abc596a,273,App\Models\Exams\Item
6525a784-e247-42f6-8022-f6e0f4ccd0ea,203,App\Models\Exams\Item
65a7d871-edf2-4855-aa3c-39cfed36c1ea,650,App\Models\Exams\Item
6636aed8-29fc-4059-9c46-c51b5055f1f3,111,App\Models\Exams\Item
6659c50a-d7a4-4487-bfce-816b35052ffa,1145,App\Models\Exams\Item
66861842-787d-4f63-8156-a215ddf0d8e8,837,App\Models\Exams\Item
668adbfd-6fe7-462c-a7c9-bca30ff9b22a,591,App\Models\Exams\Item
66b82987-0bfd-4d10-a97c-998d9ce15150,356,App\Models\Exams\Item
6730bdf0-e0c0-4cee-bf55-1248c763ed47,690,App\Models\Exams\Item
67e1c6bd-e443-4dfb-af1c-20e270dcc4a7,1180,App\Models\Exams\Item
67e8aa16-f10b-48cd-877c-47203e672b36,924,App\Models\Exams\Item
68ecd3ce-6948-4dc1-92a5-555dc8118158,635,App\Models\Exams\Item
6960263b-af0b-4afc-ad38-1d162b046a5a,545,App\Models\Exams\Item
69a146f6-50ff-47ab-8b7a-cd59ebc96b0a,556,App\Models\Exams\Item
69a40a65-280f-4edb-b8c5-77491aaa312e,422,App\Models\Exams\Item
69bae13d-5a59-404c-a79f-f03f0bbeaecd,714,App\Models\Exams\Item
69c6e3e3-073e-4f5b-84ef-4759a4347f91,613,App\Models\Exams\Item
69cec092-b820-429c-b412-2d1c6afbb3ee,661,App\Models\Exams\Item
6a059799-b1dd-402a-a9e9-6fcae5bcb187,944,App\Models\Exams\Item
6a8dd15f-76b6-4c78-a224-184869932085,73,App\Models\Exams\Item
6a955d95-8f3f-407b-9fe2-e4b8eb72f337,729,App\Models\Exams\Item
6ab50f88-c0a3-4dd9-b604-f57b3c911b1b,15,App\Models\Exams\Item
6ac8ea48-963b-4fb1-bc99-ecc157bbe8a6,853,App\Models\Exams\Item
6aceaa50-a8ce-4d66-a7b3-ce1c48d2b4ba,1070,App\Models\Exams\Item
6adb7d97-b305-4104-bb56-3646123c156f,209,App\Models\Exams\Item
6b023d13-df14-4047-9fe3-bd6e01b81826,881,App\Models\Exams\Item
6b14d37e-0649-4b2d-9e74-a11a642fe6e0,90,App\Models\Exams\Item
6b23eca8-6092-45c6-b3ae-335d2c736c09,987,App\Models\Exams\Item
6b3b9012-a63e-48fc-be63-f378620f6a21,938,App\Models\Exams\Item
6bbce0b4-69fc-4f24-9a60-acac0619c97f,560,App\Models\Exams\Item
6c1129e1-0867-4428-b997-ee3ec7c8914a,219,App\Models\Exams\Item
6c12b88c-5ca1-4b9c-9bf4-5314b0278bdc,1218,App\Models\Exams\Item
6c2701d3-a93a-412e-bf6c-6d5ca187473d,907,App\Models\Exams\Item
6c3b6653-52ed-4130-8ea9-46419635c8e2,98,App\Models\Exams\Item
6cf57dd5-4655-4878-9da6-0cab5830e8e7,1056,App\Models\Exams\Item
6e3e40a9-93ed-4f59-bd1a-e70835771b47,410,App\Models\Exams\Item
6e5e0f5e-ad69-442f-9a3f-bec33db2b6d2,214,App\Models\Exams\Item
6e606ae3-c002-4239-a8e2-09b0c66bc7cf,605,App\Models\Exams\Item
6ecdcdd0-b41c-47f7-841c-824f4a10d295,809,App\Models\Exams\Item
6f3b7097-c403-4d39-9db3-7946bcf99503,543,App\Models\Exams\Item
6f9de2c7-4617-4f63-85a6-0ae56ff97621,1215,App\Models\Exams\Item
6fb63fc2-8a9f-4d5e-8e29-9dc14d58035a,399,App\Models\Exams\Item
701153fa-cbda-4732-a4d2-ca72dd3eff3b,607,App\Models\Exams\Item
7151a329-15a2-44a8-992c-6df10da07e5b,885,App\Models\Exams\Item
7185b463-b6fd-4bee-a468-3468ef77fbe3,393,App\Models\Exams\Item
71a1b1cf-99cb-4509-8907-df27181b3873,1233,App\Models\Exams\Item
71b7142c-530c-4186-b9a8-def30670e3a0,1046,App\Models\Exams\Item
71be17a4-b000-431c-b7b6-ce11faeb3ff7,436,App\Models\Exams\Item
71cc948b-beba-402f-bd83-8a7779a04809,273,App\Models\Exams\Item
7286fced-836b-45a5-b50d-feda73802415,1036,App\Models\Exams\Item
731db2cf-5139-4252-b7d5-fbb7145dd9d7,1171,App\Models\Exams\Item
73bf320c-cf3e-4322-a15c-a26ea8ec12e0,244,App\Models\Exams\Item
740939b8-efc9-486f-9257-30c73e06454a,93,App\Models\Exams\Item
74123744-ce52-4928-b1e5-4ef7aa196da8,206,App\Models\Exams\Item
746a6c43-06df-42e4-918f-f852fab7ebe8,440,App\Models\Exams\Item
746af0c5-7986-44cd-bbd0-f78a15573814,1141,App\Models\Exams\Item
74828971-a167-4f38-ba23-7dcc87fd4afd,601,App\Models\Exams\Item
74d2c4f5-c1ef-473e-8648-3ff8c776a434,1156,App\Models\Exams\Item
755c934e-0440-4ce7-990a-988d95a0b73e,396,App\Models\Exams\Item
759128c4-d3dd-467f-ab2d-7d3741d03959,641,App\Models\Exams\Item
76edab5f-593f-4e6b-a24a-f27e77dffc35,725,App\Models\Exams\Item
772eef67-c14f-422d-abdf-cfd3331f23a4,1201,App\Models\Exams\Item
774a1d85-f831-4a3e-9691-0f083b6da2e5,559,App\Models\Exams\Item
774ca940-0ae9-46b9-8b92-3faa048aa630,112,App\Models\Exams\Item
7751e2e0-aba2-4bc7-9b4d-92df7157ccdb,1208,App\Models\Exams\Item
776ba1b5-37d3-4bf3-906a-fbb6394b67da,915,App\Models\Exams\Item
776c0fa6-f02d-493d-b714-4612565068e7,95,App\Models\Exams\Item
77f9aaf0-18b7-4dc8-afef-d6dbab702293,1231,App\Models\Exams\Item
783bb215-5a0f-4d18-8958-dbdef9b966bc,1131,App\Models\Exams\Item
786a32be-0d1b-4ef6-9ff8-a25dc5d05751,604,App\Models\Exams\Item
78a3a01a-af05-4636-9300-c26399757aa4,544,App\Models\Exams\Item
78e5dd59-e14b-4ff7-9e0c-f6f0027e2de3,204,App\Models\Exams\Item
792a5dbf-6b6e-46be-bf7f-5676830d43af,1236,App\Models\Exams\Item
793093c3-ca74-4a75-9d15-433fc33b9be9,1201,App\Models\Exams\Item
79b45290-d466-455c-bf2a-99414869cbd2,590,App\Models\Exams\Item
79ff1ffb-6e59-42e8-bb11-c92ffd81298f,950,App\Models\Exams\Item
7a8e6a5f-6d61-4e4a-8476-942d0c7d9358,1012,App\Models\Exams\Item
7aaa93c4-c5ca-471b-9fa5-7301b033006b,629,App\Models\Exams\Item
7aac2c9c-c414-409b-8a05-761a3c7d242a,21,App\Models\Exams\Item
7abb1794-9e80-43de-9fd1-28aa725b16a5,1244,App\Models\Exams\Item
7ae32c01-f3b3-44d1-8f9c-6f9f0237a204,1071,App\Models\Exams\Item
7aec5566-b3f3-41b3-abbc-babb68a1ee56,923,App\Models\Exams\Item
7af0af18-6480-4d27-a918-5866801cde30,208,App\Models\Exams\Item
7b38633a-a77b-4192-85a4-4419b9ff825c,1245,App\Models\Exams\Item
7ba00e4d-f140-4c60-a4df-6880963b53cc,1208,App\Models\Exams\Item
7ba3899c-992b-4c93-94f8-fdb44d7e7a13,196,App\Models\Exams\Item
7bbd70b7-1fea-4028-83d4-89237de2086c,1002,App\Models\Exams\Item
7d0024ac-a6be-4ce4-8c72-98f1caef2c55,1035,App\Models\Exams\Item
7d279be4-dc4e-42c0-962a-5bf49159ba9f,838,App\Models\Exams\Item
7dc86ac9-b5df-4ac2-a90a-1076fd937f11,1008,App\Models\Exams\Item
7ddeb433-596f-43ca-a264-5f03f613df08,374,App\Models\Exams\Item
7dfe0ba4-23cf-4906-831b-da9d9fbb5971,609,App\Models\Exams\Item
7ef12cf9-83c0-4a6c-b279-aa7d671a1b3a,221,App\Models\Exams\Item
7ef14a6d-910e-425b-bdd6-12df043cd424,1033,App\Models\Exams\Item
7efae4ae-a7c4-413b-baeb-7301c341d0d5,927,App\Models\Exams\Item
7f048492-cb25-4b85-a86f-7dc89574659d,953,App\Models\Exams\Item
7f1d3c04-0d9d-40d4-a277-0e3b492635e4,436,App\Models\Exams\Item
7f1e90b7-122b-4736-b655-23926585c674,856,App\Models\Exams\Item
7f5be311-7737-4e73-a2ad-ce856fc5c94d,103,App\Models\Exams\Item
7f95e32d-aef9-4623-a7be-732542f8b8d6,1055,App\Models\Exams\Item
7fb50880-8153-4fb9-8aaf-590238a5f2c0,514,App\Models\Exams\Item
7fbb9e7c-c27f-4afb-b29f-32166d465cb7,391,App\Models\Exams\Item
7fc6f6aa-2538-4ad5-80ea-b8d83e519dfe,1110,App\Models\Exams\Item
80991abe-8dc3-4701-9608-fa8c9425a36f,591,App\Models\Exams\Item
80b19b98-4d14-42ed-b126-be32142988a0,443,App\Models\Exams\Item
80cc8634-4411-4487-8471-6f35b7a635d0,84,App\Models\Exams\Item
80fdd632-c55c-4ccb-9ce4-e215015ed570,839,App\Models\Exams\Item
81479901-d1c4-459b-bde4-ad167adcc83c,599,App\Models\Exams\Item
814bceca-c1f7-4124-a7cc-8a36c18cf0dc,526,App\Models\Exams\Item
81652b1b-ef77-476a-b423-0886b710b620,919,App\Models\Exams\Item
81cdc077-77a7-4d8f-8d53-1b044dffb49d,290,App\Models\Exams\Item
81d28d77-dd64-4e0f-a04c-2cf427e1df15,612,App\Models\Exams\Item
820ca567-5b6e-4c0b-beac-1c1490173a86,693,App\Models\Exams\Item
8253560a-b123-4fb0-8053-0ff4b4d97850,130,App\Models\Exams\Item
828ecdc1-a3b1-4435-a9df-50f8e40eea3a,490,App\Models\Exams\Item
82fe166b-d170-4f3f-a460-a1479c1e3f0f,1215,App\Models\Exams\Item
8360ec1b-e469-4287-a681-31bf9aff6d84,245,App\Models\Exams\Item
838178b8-cdeb-400c-abce-5820ebc9bb7e,850,App\Models\Exams\Item
83a7f7f9-7d12-4db6-b45f-8786fb943e4d,557,App\Models\Exams\Item
83e86c63-2194-491a-9832-d8f6febeec88,130,App\Models\Exams\Item
83ec58cd-0e64-449e-93e5-e79d60e0ce96,386,App\Models\Exams\Item
8442b8b5-4e2e-4277-9c92-7990465d44a3,477,App\Models\Exams\Item
8461e4df-c81d-48c0-9246-27826d276f0a,1199,App\Models\Exams\Item
8464ae03-3be4-480e-90d0-f6ae635feb12,838,App\Models\Exams\Item
8494fdaa-f7f4-4b0d-8283-9a1bc53c04cb,214,App\Models\Exams\Item
84cf8d35-8b79-4cf7-af27-98fb24200770,730,App\Models\Exams\Item
8534d9ad-5c0b-47f4-b57a-faac995da260,602,App\Models\Exams\Item
853df158-b7c6-4df5-a469-8205548d647c,520,App\Models\Exams\Item
8575e219-45fa-41cb-9075-6164cda5a81d,544,App\Models\Exams\Item
857b6424-72ba-44e2-a2a0-cbfd5178983d,998,App\Models\Exams\Item
85958592-cc64-487d-874d-d5a94541b8c0,539,App\Models\Exams\Item
85c889b3-4715-45cc-8219-e910a27f2cc4,354,App\Models\Exams\Item
85f4fca9-0eb9-47b4-9503-53a9e1cdc105,930,App\Models\Exams\Item
85f69752-b0c0-44a2-8d98-97dbc0186891,17,App\Models\Exams\Item
86394272-8c77-474f-af66-c1cfcfb1bf40,380,App\Models\Exams\Item
8656fc54-cdff-44f6-a15e-0e515e6084b0,610,App\Models\Exams\Item
8662b019-16e1-4c28-924d-5c6dbdd7136c,434,App\Models\Exams\Item
867074d2-1d87-4072-8242-101308642f64,263,App\Models\Exams\Item
86cb7132-4daa-4475-a707-996115278576,543,App\Models\Exams\Item
872adb50-420f-4d79-8881-87bfe575afca,640,App\Models\Exams\Item
8752784d-546f-4fca-ad49-01e8772d52b0,1184,App\Models\Exams\Item
87a4025e-fa47-4969-b78b-1e329256220e,476,App\Models\Exams\Item
87c2381a-b0b5-4930-9bf2-11a7bc9157a1,1227,App\Models\Exams\Item
88854a7f-fdc1-47f3-9802-218dff705d6c,383,App\Models\Exams\Item
88997bce-3ce3-44d9-8c03-c7406807433a,625,App\Models\Exams\Item
8a4a81de-1731-4cf0-a0cb-005108fee858,1050,App\Models\Exams\Item
8ae99f1c-5944-4084-9d0b-7bc2313e830a,879,App\Models\Exams\Item
8af01803-fd28-4dd1-bcc6-b69e18587743,1043,App\Models\Exams\Item
8b22ca39-c294-4ffe-9708-994bae3392a5,986,App\Models\Exams\Item
8bd6ff40-3193-4a25-b543-54966c03a544,876,App\Models\Exams\Item
8c2852ed-348c-4d66-87a7-1f345b8ff781,710,App\Models\Exams\Item
8c7e5d06-5ab4-4181-865e-59597d8e1943,553,App\Models\Exams\Item
8d07e4b6-964a-46f2-87a9-9415ec186b20,943,App\Models\Exams\Item
8d192772-c374-4d1d-a67c-cb2455a64ead,551,App\Models\Exams\Item
8d39c79a-8706-4206-824e-19588c334022,1222,App\Models\Exams\Item
8d3aae9a-1b7b-4aaf-b5ca-bcf154a38ff6,1026,App\Models\Exams\Item
8e036191-600c-4ee9-8841-e1509de3d3ce,569,App\Models\Exams\Item
8e7fb525-57a8-4df6-a038-c195b8138ed7,810,App\Models\Exams\Item
8ea26408-3055-4436-8142-910f44923ac6,833,App\Models\Exams\Item
8ebc3f81-f9db-4eb8-9711-d6d98f7ba8b4,435,App\Models\Exams\Item
8f049f22-5dd6-4c33-bbf9-33b4da73a51a,650,App\Models\Exams\Item
8f41f48a-51a6-4a46-881c-f655aaaa0097,914,App\Models\Exams\Item
8f5b71eb-31b9-415e-9479-db7030bb208d,716,App\Models\Exams\Item
8f635866-8f76-4e10-8bd2-ba006dde8d56,859,App\Models\Exams\Item
8f7e7507-0811-4e5f-8e7a-37cf1c89a160,343,App\Models\Exams\Item
8fcc64ed-a203-40b1-8696-ddd9a0ab7cd4,33,App\Models\Exams\Item
8fe208e3-6fa6-4234-a20b-8b20bd6c96f8,16,App\Models\Exams\Item
904f855b-228e-48fd-9414-f8b836136939,609,App\Models\Exams\Item
90b5f9af-6a74-4452-a866-8703a9330332,14,App\Models\Exams\Item
91958319-9718-4dae-9ec4-bfa8a51a10a5,202,App\Models\Exams\Item
91f4060a-dbb8-44e0-9342-d41e6d2f75e0,283,App\Models\Exams\Item
924f1d0a-3073-4061-a84b-af853bfee872,957,App\Models\Exams\Item
9252bb08-2e06-4425-b744-05259a85b6fd,201,App\Models\Exams\Item
926359a9-4a33-4b84-9115-e62466aad540,248,App\Models\Exams\Item
92da5cde-6081-495c-9554-4e89862bb59c,627,App\Models\Exams\Item
92e0ef8d-5646-440f-8993-64deb7e2afbe,1029,App\Models\Exams\Item
9333465b-2539-416b-993c-bc7f89b778db,381,App\Models\Exams\Item
93b87185-65ec-4f25-ba40-bef7f5101ba8,714,App\Models\Exams\Item
94621811-d135-444a-b8ac-2d2ad4842736,1009,App\Models\Exams\Item
95a51fdb-f7cc-4fa5-820d-d198587cda3e,516,App\Models\Exams\Item
95be518e-3228-402b-aaf1-6fbbbbe2a5f1,132,App\Models\Exams\Item
965f3182-fd94-4950-9f83-d2c7422fbc8a,1074,App\Models\Exams\Item
96d2ebbf-171f-4893-868a-9d5d5dee5dd7,1071,App\Models\Exams\Item
973325c2-d310-4523-bfc7-382787184378,1067,App\Models\Exams\Item
973808b3-4793-45f7-9d09-a5bab87be179,712,App\Models\Exams\Item
97458988-4568-48e9-aef2-46f9615b2561,97,App\Models\Exams\Item
97dba4e2-0646-4a4d-af05-69147234ebc5,1016,App\Models\Exams\Item
980607f2-b419-4fab-a090-be09b3ca5c17,1090,App\Models\Exams\Item
983aa37e-a206-4b83-9f73-753fd69c1c4b,470,App\Models\Exams\Item
984b2c05-7cdb-49a2-be3d-55b44dbf6fa4,904,App\Models\Exams\Item
9872e1d8-d7ca-4a53-b521-9fdef9cab7b0,1119,App\Models\Exams\Item
98757438-3d03-44cf-898b-e285e6b3dc5d,526,App\Models\Exams\Item
9883ddc0-7372-47a5-942b-e493a715cb3f,396,App\Models\Exams\Item
988be655-01e9-4d9f-bf30-c741c4a8397e,132,App\Models\Exams\Item
98f5af63-214e-4b2d-be52-4e8a72e063c2,114,App\Models\Exams\Item
990da089-03ce-49a1-85dc-62a234bb9eda,96,App\Models\Exams\Item
9931518f-df52-494c-b24c-2a78831fb713,388,App\Models\Exams\Item
9952e41b-2b8f-4640-8767-fbb7b1d461ac,607,App\Models\Exams\Item
99c5ce0e-8945-4b03-81c1-d29f630c056b,873,App\Models\Exams\Item
99d500ff-7355-4ae8-8bb5-fa481fe1783b,1144,App\Models\Exams\Item
9a85ea2b-cbfb-4e0f-8103-bb8c35191e6f,910,App\Models\Exams\Item
9aa5ab17-57f6-41af-829a-8fb09ac955f5,43,App\Models\Exams\Item
9ae8f371-a39c-45a2-adc6-abe700ad482e,577,App\Models\Exams\Item
9af06b29-0315-4c77-9682-e32b7e4e32c1,11,App\Models\Exams\Item
9b110e7f-926d-422b-8fcf-e53e86bfcc7f,1203,App\Models\Exams\Item
9b49c5eb-9471-4315-981b-573f96375aec,1109,App\Models\Exams\Item
9b537417-df47-4af6-998e-44cfa293667a,433,App\Models\Exams\Item
9b5ec55b-84bf-4451-ace7-8af992ec46e7,835,App\Models\Exams\Item
9c0105c3-72ee-42ba-a17a-56ba60a37b63,715,App\Models\Exams\Item
9c0a1eb7-0f05-4572-8581-69874d0743de,1011,App\Models\Exams\Item
9c25de9d-41ae-4d56-9cf6-0633b908ba71,397,App\Models\Exams\Item
9cc3fed9-1f79-43c2-8424-250549623121,990,App\Models\Exams\Item
9cd8b77c-79fd-43bc-8836-cd9b1b017bbd,560,App\Models\Exams\Item
9d0baa1c-9ea8-420b-a6ee-b7f2b9c0452d,835,App\Models\Exams\Item
9d5c853e-5b11-4933-a100-4b1240261a1a,623,App\Models\Exams\Item
9d91c07f-5fcb-4a00-b0bb-04c2dbce2ae5,19,App\Models\Exams\Item
9eac6ef7-8037-407e-9b35-8677b78cefe9,291,App\Models\Exams\Item
9f29204d-5fce-4b0f-b0c9-ffaa1ea9548d,840,App\Models\Exams\Item
9f331033-a3fc-4342-ac76-7ea8c0240aa1,64,App\Models\Exams\Item
9f3867a5-8369-4548-9282-9c8e6c3a4da9,590,App\Models\Exams\Item
9fd64045-a975-4754-8cf1-66d3b363b1f5,239,App\Models\Exams\Item
9fdaa662-f079-4c33-84e0-bcf9b916138d,596,App\Models\Exams\Item
9fe5396b-0f57-4f46-9686-371de953bfc7,411,App\Models\Exams\Item
a01e7362-cf1a-4f4c-b048-1598393aa752,19,App\Models\Exams\Item
a064de4c-ca6a-4b04-b72f-03b3dd3c835f,185,App\Models\Exams\Item
a10ba685-6f38-4008-9bcb-5365fc57429f,1035,App\Models\Exams\Item
a134a35a-32f5-4733-8803-8d82bde20553,1142,App\Models\Exams\Item
a1532658-b160-4450-97a0-9d2b6b81f9ce,660,App\Models\Exams\Item
a155a37a-2b9f-4d5e-ad46-dec8ba700b0a,1213,App\Models\Exams\Item
a1889827-9feb-4245-8b84-816c837b0acc,706,App\Models\Exams\Item
a1f5a57b-9683-4df6-a975-ca87b502b4f5,643,App\Models\Exams\Item
a23b7ebf-051d-46e3-a098-86db41c31022,1058,App\Models\Exams\Item
a25e78f4-da19-41fd-82ee-aa726fb8cdce,1203,App\Models\Exams\Item
a2a238c1-dd67-4cb2-8ef4-277e39e9ff9b,834,App\Models\Exams\Item
a2fa0841-4ff1-4239-a3b4-92a7dd0ce631,1192,App\Models\Exams\Item
a30b4dec-8b94-47f9-a1e6-44d1753294aa,135,App\Models\Exams\Item
a3579f22-c148-4b65-93f0-ed3ef7547c5d,182,App\Models\Exams\Item
a3a48ed4-347c-460b-894c-65d88e994e77,202,App\Models\Exams\Item
a5831d92-5da2-4d85-879c-0e5f4ff08754,1018,App\Models\Exams\Item
a5e1b578-5c3c-44d1-91d5-7b0bb88cdd6d,205,App\Models\Exams\Item
a6013677-037b-4761-ae25-6a38cb2fb2cd,422,App\Models\Exams\Item
a6252f16-c4a9-429e-b9b2-18a4825943df,198,App\Models\Exams\Item
a65522c6-4f40-4b1a-8db2-9ca41ef1c64d,1229,App\Models\Exams\Item
a67d981f-bfdf-4c10-9c31-f1ce92bb376f,653,App\Models\Exams\Item
a6a0f598-aecb-4345-9052-068e03d47bb0,858,App\Models\Exams\Item
a6b843d0-b1ac-4f00-bd8c-d8eacce6825d,197,App\Models\Exams\Item
a715fa48-70f8-44d5-b4c5-0417b8a7bd1a,442,App\Models\Exams\Item
a7b043bd-2876-433d-bf08-38417791e9e8,1029,App\Models\Exams\Item
a86d9356-9c2b-44f8-aa7d-2416dcab3cea,211,App\Models\Exams\Item
a8fd23ce-9552-47bd-889e-64a12e39cb32,473,App\Models\Exams\Item
a8ffdcd6-dba1-4e5e-8c66-58b26c02ac5e,1229,App\Models\Exams\Item
a905f755-4a95-4701-a1fc-4d481e2bb257,554,App\Models\Exams\Item
a99aa088-1aa1-491f-a978-ae9fb278c8fe,529,App\Models\Exams\Item
a9d2c02e-5f29-41d7-8c91-a3b4fea0f993,1122,App\Models\Exams\Item
a9d79122-5f7b-43f9-ac0c-182c38de399d,911,App\Models\Exams\Item
a9efc70b-4c30-46e4-81fc-00a77463b551,126,App\Models\Exams\Item
aa0f4fce-ff42-4479-8add-88fdb0620296,20,App\Models\Exams\Item
aa238f01-af98-482c-816c-e8a56fbe6da9,627,App\Models\Exams\Item
aa68e5cd-b225-49f0-8f5d-969aaa0d8168,217,App\Models\Exams\Item
aad43f10-4c15-49bf-ba4e-75b71c7dcb34,658,App\Models\Exams\Item
aaf4b5d3-c497-460c-9bb7-f9e58259fd91,438,App\Models\Exams\Item
ab054b1e-2ed5-4f4f-a464-521f9b1b6ef0,955,App\Models\Exams\Item
aba21e82-cf83-40c6-9a5c-cbe11c2fd601,1037,App\Models\Exams\Item
abab0a55-327c-4cf8-97fe-a5fe5af38154,629,App\Models\Exams\Item
abb66049-408d-4249-affd-39fcb5e1615e,897,App\Models\Exams\Item
ac1e9a76-f16f-4f51-baa8-e65fe45a4824,1156,App\Models\Exams\Item
ac68c319-1eb5-41dd-82ba-b2a25ed65103,873,App\Models\Exams\Item
ad2442fa-6135-41a2-9106-a65f0f42ae3c,555,App\Models\Exams\Item
ad28acb5-670b-49e0-9af6-632973acbc35,436,App\Models\Exams\Item
ad6ccd15-f13b-47ef-98fc-db9e4e215f51,727,App\Models\Exams\Item
adc042d8-ee86-4267-a7d5-fab0237841b2,652,App\Models\Exams\Item
ade555db-7677-4318-b7a3-da95e110be23,22,App\Models\Exams\Item
af0d7ecd-1f58-4864-a8d6-af3038a5269e,1231,App\Models\Exams\Item
af44014b-ff93-4d8a-b5c1-3bbf4db57f8a,1231,App\Models\Exams\Item
afaba0b7-dc61-42b6-ba81-4f5c0032c4c3,20,App\Models\Exams\Item
afb2f7d7-69ec-4db6-a15f-de6be3462dd1,613,App\Models\Exams\Item
afc7122e-4717-4855-809e-dc29de8a59e4,556,App\Models\Exams\Item
b0797ef8-f448-4cec-a231-dcd82432cf77,114,App\Models\Exams\Item
b08e2869-2a4d-4dfd-b0dc-b43519a2494a,478,App\Models\Exams\Item
b0af9c75-36da-4249-8680-239735e5e9bc,1120,App\Models\Exams\Item
b11eecb6-7146-4df6-9754-c22b1ddd0195,950,App\Models\Exams\Item
b126997b-8b8d-4f79-8ee3-d55fe4b60dfa,376,App\Models\Exams\Item
b149ea62-2a7b-4803-b69c-328eaa03da05,388,App\Models\Exams\Item
b16053c5-4b13-4463-8dc6-df1b27347322,842,App\Models\Exams\Item
b1d7da76-be50-498a-a417-442a9062f8e3,232,App\Models\Exams\Item
b1db8e73-e4fe-4e5b-8514-8d0805526fce,1193,App\Models\Exams\Item
b1fa85e1-7795-4bc8-8daf-568ed148f34b,119,App\Models\Exams\Item
b231612d-f512-49b8-ba20-8f4beb930bcd,651,App\Models\Exams\Item
b23bfc0d-851b-43e0-9c15-65e354c26205,134,App\Models\Exams\Item
b2413dae-87c4-4f76-839b-ade9235cc646,264,App\Models\Exams\Item
b24e65b9-d96c-4014-b6bc-f969e48b3313,16,App\Models\Exams\Item
b2b6abdd-e2fa-486c-abcd-774b4d31950e,456,App\Models\Exams\Item
b2bfcb37-ed2e-41b0-8aed-d13ccf1df92a,192,App\Models\Exams\Item
b2dbfe2b-1e81-4f16-a0f6-37f977f08932,181,App\Models\Exams\Item
b2f186f1-6c8d-4b07-bda8-2db7d22bb21c,1053,App\Models\Exams\Item
b327a726-e300-476a-87c1-7416ca29332b,1142,App\Models\Exams\Item
b375b7a6-0248-4b72-8e63-55fcbac92698,1165,App\Models\Exams\Item
b37643c4-0104-4fda-8741-364f15cddacb,243,App\Models\Exams\Item
b3861b63-762b-4da6-a5fb-fcd3c54e4cfb,685,App\Models\Exams\Item
b3a1e8aa-3f82-4478-98a0-ba735f7c798a,1213,App\Models\Exams\Item
b45dc1e9-3179-4741-a9f9-44ead3fb8bb0,1102,App\Models\Exams\Item
b4897f7c-b656-425e-8f3f-9131683047e7,640,App\Models\Exams\Item
b48a02a7-1a47-4238-a018-822f2f845cce,527,App\Models\Exams\Item
b4909645-e7d0-42cc-b546-5ae21293d7fb,1227,App\Models\Exams\Item
b4acbc29-c383-4f3d-b980-92de3c26e731,576,App\Models\Exams\Item
b528c65c-9031-4bba-b222-668e2c533894,597,App\Models\Exams\Item
b54455d8-fab0-4c37-9b60-84bfd388e7ef,480,App\Models\Exams\Item
b5556c41-cc7c-4685-95d4-74379152818d,85,App\Models\Exams\Item
b58791e6-56dd-4055-8fd7-edd84697697f,184,App\Models\Exams\Item
b58b9bf3-84a9-4d4f-88db-c805f23497b8,467,App\Models\Exams\Item
b6361502-fc50-4f11-bcb1-e28514e77e36,364,App\Models\Exams\Item
b69e5888-deb9-452e-870d-38d84d5f23f5,377,App\Models\Exams\Item
b7732df7-96ee-43f9-b0da-971cdd6c0bf2,395,App\Models\Exams\Item
b7838af6-82c5-46ac-a8e7-ecc4f82a2610,988,App\Models\Exams\Item
b7877c44-771b-48c0-b521-707ce11dd180,351,App\Models\Exams\Item
b7d2fe74-5174-46c3-8f5b-ad7291be4ffd,833,App\Models\Exams\Item
b7d45682-cf1a-4f84-87a4-ce4e8168fc8f,121,App\Models\Exams\Item
b80f4641-28c4-4d24-8fc9-2b90ba2f0e33,134,App\Models\Exams\Item
b827f299-bb2d-4ed2-bca2-92fcb956d736,390,App\Models\Exams\Item
b846f01b-e5f8-413e-a2c6-189484cbe310,417,App\Models\Exams\Item
b8b4e97f-d17c-4f43-bdd2-34bddb625f55,844,App\Models\Exams\Item
b96508db-9e6a-412a-8ec5-cbb8c2e7ca66,217,App\Models\Exams\Item
b96cc844-aabe-4d41-98d7-962cdaf4fcac,707,App\Models\Exams\Item
b9d36bd8-4a70-49b3-a6c6-bf0e0fa21e3a,160,App\Models\Exams\Item
b9f410b1-8443-4e66-9545-756c2b35f4e3,952,App\Models\Exams\Item
ba1060b9-b858-45ec-821f-4126e2ba5130,643,App\Models\Exams\Item
ba4082c6-466e-424e-a7da-25e62d12f19f,1151,App\Models\Exams\Item
bae0cceb-7fc9-40f5-a707-95194a40a2c9,88,App\Models\Exams\Item
bae73ee1-e701-4738-adbb-a7e61c0794ce,240,App\Models\Exams\Item
bb170c44-db29-4efe-8c1a-431545bf53a9,997,App\Models\Exams\Item
bb3bc8a0-0b8f-4cdb-b228-b4806285fabd,1041,App\Models\Exams\Item
bb8b13ae-0396-4f94-ade4-2f75bf972485,522,App\Models\Exams\Item
bbbd9720-071e-466f-a440-ffd8a878edaa,729,App\Models\Exams\Item
bbd1233d-bb9c-45be-a0ce-3b10f903a57a,637,App\Models\Exams\Item
bbe3338f-4ed7-4754-9d64-7ff1f7835858,1116,App\Models\Exams\Item
bc21c2b9-3cca-4a1d-91ec-a625469a7f8e,1175,App\Models\Exams\Item
bc8d4b68-fcc3-4a31-9807-ea99c168a126,865,App\Models\Exams\Item
bca24684-03cc-42e0-a458-b680b0ed82e5,231,App\Models\Exams\Item
bca420a8-e4c6-42df-852e-72c6029d1043,165,App\Models\Exams\Item
bd0b6a57-99d6-4c96-b02f-97651740f303,1031,App\Models\Exams\Item
be5f55c1-4b67-4f62-9c93-a5efe6f5c642,905,App\Models\Exams\Item
bea0bdd6-541e-41d1-bb90-80ccdf031899,422,App\Models\Exams\Item
bfb4cee1-2144-49a2-9120-7e0b1a9c7297,1228,App\Models\Exams\Item
c03f3c9c-7fcc-4fc2-ac53-499dccaf3fd2,590,App\Models\Exams\Item
c0468bb0-4ba4-4bb0-9655-b644b2a91027,726,App\Models\Exams\Item
c0690fbb-db4e-4cfb-aa48-287752cc512f,832,App\Models\Exams\Item
c0816341-5ea1-4223-acd6-26dff6c3e562,15,App\Models\Exams\Item
c0997ecb-98c5-4cc3-98d3-3e666165bc37,247,App\Models\Exams\Item
c15579f5-ab74-4300-8e22-dc4392eef437,539,App\Models\Exams\Item
c159faef-4560-4006-8c4a-f79a218fe692,311,App\Models\Exams\Item
c1c1124e-c278-4d63-8356-b527e7ac30c5,1099,App\Models\Exams\Item
c1cde9a2-1c89-4a3f-a980-980160706f9d,131,App\Models\Exams\Item
c2204d51-4bcf-4355-a674-c47eb644594f,343,App\Models\Exams\Item
c25404d7-b4bf-4d55-b64c-22eb4720d4d4,280,App\Models\Exams\Item
c276ff62-8f2c-4d7e-8ca2-8508ae460383,907,App\Models\Exams\Item
c28cd107-0719-452b-ad01-d074df8a467e,1109,App\Models\Exams\Item
c2a754b0-b754-443e-a6b2-4cf72de80d6e,849,App\Models\Exams\Item
c2e6a8fc-e033-4630-8495-a3d9fe1a6ade,83,App\Models\Exams\Item
c32ca9cc-6947-4f17-b27b-8587ca69a082,913,App\Models\Exams\Item
c3d6be7b-41d3-4eed-9bc1-b14d0e19d782,120,App\Models\Exams\Item
c3fbbb03-22cd-437a-9d2c-ba2479ab4917,655,App\Models\Exams\Item
c400ec33-292b-40af-bb97-a31c920f5ffb,360,App\Models\Exams\Item
c4b0053d-d8e3-4b1e-8341-79026734eb0a,228,App\Models\Exams\Item
c502ad3f-8615-49a7-9dcb-03d9d7462eae,590,App\Models\Exams\Item
c5074685-d0b9-4b6c-8427-a6214bec01ba,108,App\Models\Exams\Item
c58c3492-39c8-47a8-b4c2-b68bac5bb4b7,944,App\Models\Exams\Item
c5c2e250-3a96-483e-993d-f759e31569d5,992,App\Models\Exams\Item
c5fc033b-e2e9-4a9c-8764-a4a8fe0b9b79,471,App\Models\Exams\Item
c61acba1-9ecc-433e-b5e6-e89883408321,33,App\Models\Exams\Item
c633d83f-b083-4442-ae6c-b0258490abc3,959,App\Models\Exams\Item
c6a460c9-c202-4fd5-a755-481f8da14d5f,101,App\Models\Exams\Item
c6da1e37-ddb1-4217-bff7-a001e05d42e9,837,App\Models\Exams\Item
c6f6f156-93f5-4c1c-b138-7152bcbb388e,384,App\Models\Exams\Item
c730a1d7-8ea1-406b-8308-e6793afdd77d,1184,App\Models\Exams\Item
c772f181-1556-40e4-a4f0-29f748e23e9c,241,App\Models\Exams\Item
c79785cf-545e-46b8-a21e-9d5c052796a7,378,App\Models\Exams\Item
c7979363-9789-4512-9532-105d56e0b1dc,659,App\Models\Exams\Item
c7ff7309-576e-4a50-b543-030bbabbfab6,488,App\Models\Exams\Item
c82cd665-bada-491f-bb3a-00a8efbe5a6c,561,App\Models\Exams\Item
c864acc2-92b1-4544-88ca-df3f5804aac1,1035,App\Models\Exams\Item
c8a77878-533c-453c-ab54-d1bd21d3040a,116,App\Models\Exams\Item
c8df6227-70f8-46d7-9c2e-e69a1252aea3,558,App\Models\Exams\Item
c91a7ec0-a4d4-4600-9512-5ad4263aeb18,1193,App\Models\Exams\Item
cae664a1-6104-4f3b-bf48-c25f86c128b6,1007,App\Models\Exams\Item
cb23bdd4-b0b8-4c58-8e51-10486d553c4b,24,App\Models\Exams\Item
cb407fe2-4358-4e96-bd13-9f11fdbd21c4,244,App\Models\Exams\Item
cb768060-78bf-4062-b455-20f906fffe61,711,App\Models\Exams\Item
cbb0cfea-1c26-4399-8d9e-78a247024976,124,App\Models\Exams\Item
cbcb4539-f31d-41cf-be34-7c9e8b38e9a6,1030,App\Models\Exams\Item
cbcf9e06-7919-48e8-a4db-2369aea46a25,963,App\Models\Exams\Item
cc28df5b-9c13-4194-a3c8-087b60904080,1225,App\Models\Exams\Item
cc3db917-898a-46af-af43-e02f59205c93,603,App\Models\Exams\Item
cc4387f5-b5aa-4d79-beb2-94b66965c702,1036,App\Models\Exams\Item
cc7a20b8-98c4-40ce-8784-b756ba83f2a9,1234,App\Models\Exams\Item
cc8d0554-8f39-4ec2-91cc-0976e8117535,1039,App\Models\Exams\Item
ccb717bc-0135-4c19-a7e3-d763d88e4933,429,App\Models\Exams\Item
ccfedfc4-ccec-406b-951d-a23f7092ae3e,640,App\Models\Exams\Item
cda7dc24-ef87-4be2-a022-b137b37fbe2f,1234,App\Models\Exams\Item
cdc16dca-264c-4eb2-b8a7-ce17d9cca270,1107,App\Models\Exams\Item
ce1291a3-eb9c-42d9-b8f7-8428bc103e5a,229,App\Models\Exams\Item
ce295d92-1071-4bde-931a-171cf7a35337,630,App\Models\Exams\Item
ce6db144-e032-414d-be5a-005cbd7e4767,837,App\Models\Exams\Item
ce7a0f12-70ee-4ea5-908a-2313ae2da7df,129,App\Models\Exams\Item
ce7ec25a-90c5-494c-9e7a-43ba409f0a38,611,App\Models\Exams\Item
cec50212-66e9-4dc7-911d-0d050aaf4451,429,App\Models\Exams\Item
cf23fe3f-20d7-457e-867b-6253e2f37718,21,App\Models\Exams\Item
cf34960e-cab3-414a-8d50-afa293ddb655,309,App\Models\Exams\Item
cf618864-203d-4996-acbf-d6cf82c79a1e,1199,App\Models\Exams\Item
cfbeb6e3-6d7d-4998-89b6-3ed2f5d12b69,962,App\Models\Exams\Item
cfc19e13-5341-4edf-afe1-ae6bfbf92a1b,1246,App\Models\Exams\Item
d067131f-c7bc-4d70-8aaa-8ccd7849333f,1148,App\Models\Exams\Item
d0795499-0265-4053-9783-c7d959f2886d,1215,App\Models\Exams\Item
d0b31964-a7f5-4172-971e-0bd9cbed3c4e,1203,App\Models\Exams\Item
d1663d56-dee8-424a-b1d1-e434133ca85e,477,App\Models\Exams\Item
d1e82315-ab35-4e45-a168-9593ad89ddf6,134,App\Models\Exams\Item
d1f53dc5-8a7c-453c-8344-c53f86965148,916,App\Models\Exams\Item
d2a34085-1c8b-4f8e-bdb9-003d25c7f795,865,App\Models\Exams\Item
d2b2a397-9f5f-454f-a6a6-e3f0937a1da1,211,App\Models\Exams\Item
d3279aba-1563-432a-87eb-b016f8c23eb9,126,App\Models\Exams\Item
d344b3f2-059b-46ae-81b3-ab1e3fe3211d,658,App\Models\Exams\Item
d36b4a15-cef1-42b5-933e-c19833d7a2db,655,App\Models\Exams\Item
d407d567-4a59-44c7-9e2d-f812ee5b1f97,422,App\Models\Exams\Item
d4c253d3-e36e-4a3a-a47c-6a70c0878a3a,440,App\Models\Exams\Item
d4cb67e9-ef29-46ff-883e-7200ea210260,613,App\Models\Exams\Item
d5652515-df46-409a-b54d-c444902d22eb,109,App\Models\Exams\Item
d5c4550d-0fb9-4787-922a-7c0e53f50c3b,868,App\Models\Exams\Item
d60b5782-b199-4307-acb7-475accf685b9,553,App\Models\Exams\Item
d63cb5bc-cd46-467a-a3f4-4c44d736efbb,933,App\Models\Exams\Item
d68cf3ad-75c9-44b8-aa07-cd3d9a95e927,87,App\Models\Exams\Item
d6c4a8b0-eb6a-4775-857a-bd0947ab3320,858,App\Models\Exams\Item
d704eaf7-e2e9-49fc-ab6c-c8e362959dd0,1200,App\Models\Exams\Item
d70f1aa0-63e6-4440-a5c7-db3edf9d3f7a,662,App\Models\Exams\Item
d727031e-9b34-4f87-8c69-876ed218edc7,866,App\Models\Exams\Item
d7e92ac9-e5e2-4159-82a0-0b88ad98ab52,547,App\Models\Exams\Item
d808e3ce-dd75-4ae4-b20a-7cecc2317cc3,1178,App\Models\Exams\Item
d8781625-88e2-4f4f-94a8-939b639fdcaa,553,App\Models\Exams\Item
d8ceaec4-c73b-4981-b6f0-50d29fbcd6bb,851,App\Models\Exams\Item
d8fce278-0d2d-4c22-8773-1b30822f1f7a,1110,App\Models\Exams\Item
d951a354-c3a4-4499-91e6-5250ad69d107,82,App\Models\Exams\Item
d95a5c03-bf77-4ed7-a996-4d1b32d8295c,638,App\Models\Exams\Item
da122ad1-89f5-49af-bf1e-c6be2af79c20,1205,App\Models\Exams\Item
da2361aa-15aa-4117-97fb-bea9aeec53ae,1215,App\Models\Exams\Item
da3b0944-4e4f-463d-b9e2-c3511a91e6ee,1071,App\Models\Exams\Item
da83f4f3-6e59-470f-b550-294a5e77af3e,527,App\Models\Exams\Item
db289957-acb5-4980-9996-965948a0aad7,398,App\Models\Exams\Item
db2e90ee-46d0-4675-9820-41de50e8fe77,1115,App\Models\Exams\Item
db6e439d-7d8c-4188-bb4f-8883481a66e0,908,App\Models\Exams\Item
dbab283a-ef1d-48d5-9c6d-81cdf4015127,1247,App\Models\Exams\Item
dbb81659-e807-4539-bdfd-941292ff1cbd,1204,App\Models\Exams\Item
dc15fe08-c05b-4770-9ac5-1a4ccf08c14a,199,App\Models\Exams\Item
dc30993f-26de-45cf-a128-354ffa8f0dcb,1142,App\Models\Exams\Item
dc32f7d5-c715-4ff0-9d85-9457dff918cf,726,App\Models\Exams\Item
dc7e81a1-8dec-434b-8067-19a8f509dd5c,363,App\Models\Exams\Item
dd157855-b5cf-4c5b-b349-80a218fe9d70,910,App\Models\Exams\Item
dd3d6bac-8d9a-4bc7-b2ed-917c1069cfd2,15,App\Models\Exams\Item
dd460d2f-fbd3-4315-a032-78623218ad47,1014,App\Models\Exams\Item
dd89a9cc-5d3a-4a4d-9088-ae14a4335173,1153,App\Models\Exams\Item
dd8b3307-b89d-44d5-93db-f3ad73837a32,1249,App\Models\Exams\Item
ddaed5c5-5cd2-4961-9493-a95f4304506b,896,App\Models\Exams\Item
ddbd59cb-6c54-4174-8a45-a49841b49b81,102,App\Models\Exams\Item
dde68a48-a221-4686-83b2-cced10d06bfa,603,App\Models\Exams\Item
dde8c47d-56bd-483f-887b-07133bac5682,271,App\Models\Exams\Item
dded45b0-f1ad-4461-b9d2-cdb844ba0ab6,100,App\Models\Exams\Item
de41bf51-72ca-462b-8248-dab10c55a714,245,App\Models\Exams\Item
de6815a4-92bd-4062-881a-c45e416422a4,454,App\Models\Exams\Item
de774bd4-d289-41f8-8e73-3993bf859ed4,160,App\Models\Exams\Item
df57070d-26a3-4538-8934-414db00f900f,727,App\Models\Exams\Item
df5a7764-8eac-42d9-a654-fd5b13e52051,1232,App\Models\Exams\Item
df7e6997-42bf-4a75-93d6-61684b973f9f,394,App\Models\Exams\Item
dfa065cb-6c3e-4057-9764-b51e9f0cde1e,903,App\Models\Exams\Item
dfc07b8c-782a-4229-8940-1afb5b18e20e,86,App\Models\Exams\Item
e0083142-4fbd-42a3-8e8e-798e69fb4b16,1041,App\Models\Exams\Item
e0251204-26fe-4152-9d27-89f80df44d22,296,App\Models\Exams\Item
e05dacf2-caed-41fe-b8bd-6dbd497290d8,201,App\Models\Exams\Item
e0603a04-54ae-452d-94d6-5e5088812291,441,App\Models\Exams\Item
e0bbbda6-ff02-476c-bfbb-e9b2fafe1630,227,App\Models\Exams\Item
e18e0a91-de87-487e-b19b-a5ea49730f63,654,App\Models\Exams\Item
e2057f0e-e4d3-4a8a-8a15-85caabfa01d0,1194,App\Models\Exams\Item
e247f013-9060-439a-8a88-079ea09ef486,196,App\Models\Exams\Item
e276116c-0f09-4b8c-af8b-5c32ba64639d,387,App\Models\Exams\Item
e2a4e522-c64c-45ca-b5d0-63d46b95ef0e,616,App\Models\Exams\Item
e36b51f6-57cd-4d12-bf5b-2229d089c432,1095,App\Models\Exams\Item
e3c56f0b-5bb5-40a7-b6ab-92b378f91417,1158,App\Models\Exams\Item
e45e8605-9610-4736-883d-41b556208ed4,554,App\Models\Exams\Item
e4ab4771-7075-464e-8835-bbf4b3b622ea,517,App\Models\Exams\Item
e4b14372-fa6d-4f21-8dbf-684a96b6eae4,1163,App\Models\Exams\Item
e52a3829-2ed3-4723-8b14-ceb8d258565e,250,App\Models\Exams\Item
e530f464-3f58-4f0c-91e1-48513362f699,247,App\Models\Exams\Item
e570ad26-3326-4aa7-91a9-9b66765de9a9,966,App\Models\Exams\Item
e5d3aad7-c196-4e3d-919c-6d4654f1ab34,839,App\Models\Exams\Item
e644c3e7-c32a-4433-8bf7-95b40f19d026,1035,App\Models\Exams\Item
e64a19ec-5334-421b-ad9b-664060d19921,873,App\Models\Exams\Item
e672c000-7cce-4ee2-a80a-e032e35f6caa,555,App\Models\Exams\Item
e75cbf2f-e392-49bd-abf6-530237baaefc,1221,App\Models\Exams\Item
e76f5142-fc6d-45f8-b162-7b928140a710,405,App\Models\Exams\Item
e77a2438-8f1b-47b1-8911-935766924c3e,905,App\Models\Exams\Item
e789f065-9951-40ca-a9e2-bb6ee80aad86,1100,App\Models\Exams\Item
e7941ab3-ccae-4c57-a176-7460273c7f16,1235,App\Models\Exams\Item
e796bea3-4919-45d0-9d01-bd6080ac70fb,91,App\Models\Exams\Item
e80f16d4-7776-4332-8160-ed3e1f9a2575,439,App\Models\Exams\Item
e836b7f4-9f98-449b-86cd-35b2f057d152,104,App\Models\Exams\Item
e8527e29-fe49-475b-84ea-fc897ac018fc,640,App\Models\Exams\Item
e89c17a4-b7d4-412f-8f17-952f2bed969e,536,App\Models\Exams\Item
e8a05e69-870f-4ab4-921e-983a6212b12e,1054,App\Models\Exams\Item
e8b269b7-e1d3-4dc6-87b9-e39d76b3a61d,1032,App\Models\Exams\Item
e8d03cfc-942d-4504-919f-cdd9ed8a9583,389,App\Models\Exams\Item
e8f2932a-c569-4543-be2f-7b3c4f2d8910,1101,App\Models\Exams\Item
e97a2c3a-a775-49e1-b9b6-e6056568de76,598,App\Models\Exams\Item
e9805f21-41f6-4a9d-9a78-15eaafd8756f,237,App\Models\Exams\Item
e98b7db3-7e55-4f28-98fc-540da37a5643,1226,App\Models\Exams\Item
e9be85d7-1094-403a-9c14-fc546bb91d73,1248,App\Models\Exams\Item
ea06fb68-3c5e-4daa-ab9b-e2ad89214592,1148,App\Models\Exams\Item
ea1cce36-2d0e-473e-a874-ac572e2c3834,1068,App\Models\Exams\Item
eab99770-c2b8-4814-b042-f117695ac788,627,App\Models\Exams\Item
eb20d56b-c852-4d18-bac0-4f821581f58f,1158,App\Models\Exams\Item
eb34a1f9-a296-4978-97d2-60393e06078c,1216,App\Models\Exams\Item
eb65e011-2cf9-49a2-9546-e88956e27c06,1228,App\Models\Exams\Item
eb8db0da-9a94-42ab-a8b0-4b7874d03777,922,App\Models\Exams\Item
eb93c9c3-25e2-4a3a-933f-a0febf53a167,622,App\Models\Exams\Item
ebbc2b90-e575-4111-a386-9793a3460138,833,App\Models\Exams\Item
ebbd0bb4-634d-4b0f-97cd-7f2526726356,441,App\Models\Exams\Item
ebfabbb2-6313-4363-ae2c-7b72d084ea6e,218,App\Models\Exams\Item
ec65b407-a9d9-4a5d-a889-c62f014609cf,402,App\Models\Exams\Item
ec90ad29-53ae-45b4-a2e3-b73ca0ae5c35,245,App\Models\Exams\Item
eca04183-1043-4d5d-a330-e57940cda582,527,App\Models\Exams\Item
ed396ee1-900e-4c61-b2f6-a5820a38b9ae,233,App\Models\Exams\Item
eda32fb8-7df6-4d81-b1f3-3810a60f2e6a,1202,App\Models\Exams\Item
ee3be9f7-a609-4689-bfdf-dede8223aae7,213,App\Models\Exams\Item
ee57005c-0246-4c3a-b4d9-7ceef2fc31b5,1118,App\Models\Exams\Item
ee84dc7a-3c95-4481-bf4d-b8bfff122646,1194,App\Models\Exams\Item
eea29451-3c95-4d6a-99c8-9cae80fcd465,931,App\Models\Exams\Item
eed6ed5d-6b3d-419c-ab7e-ecd856fdbb07,569,App\Models\Exams\Item
eefea0a2-7331-454d-babb-6aeab28e8836,545,App\Models\Exams\Item
ef188595-a7db-4c3f-be0d-20da38ddb768,832,App\Models\Exams\Item
efa81c1c-0abf-4734-935f-95c83f59a781,288,App\Models\Exams\Item
f0c69e88-b9b2-4bc8-8c62-dfe52da3f8c6,288,App\Models\Exams\Item
f1605608-1cc4-46cb-876c-f016fb33555c,1193,App\Models\Exams\Item
f16a9ae6-8fd1-46f8-b93d-1aaefa392a1d,559,App\Models\Exams\Item
f1bd0d5a-eacc-430b-8a7f-eded10b735f8,216,App\Models\Exams\Item
f1f4bbb6-69ed-4a0a-a1bb-b0fd8721c875,1200,App\Models\Exams\Item
f272a1dd-811f-412a-9098-1ad163698a87,365,App\Models\Exams\Item
f2ec0869-4e67-4f90-bfdc-4c4033338c9a,728,App\Models\Exams\Item
f3043cc3-0a8a-458f-aaff-89803c596ae2,913,App\Models\Exams\Item
f321d04d-8e3b-4edb-af0f-c55011eaf7df,523,App\Models\Exams\Item
f39fc1e3-1564-48a9-ad97-2501ba702ce5,1074,App\Models\Exams\Item
f42b267a-2d10-4709-b3e2-144209273c1f,1033,App\Models\Exams\Item
f4e31ef7-52ab-45de-a782-fc2493b6dfec,456,App\Models\Exams\Item
f533a856-706f-450e-90fa-a802e64d1f82,200,App\Models\Exams\Item
f579c883-37c6-445c-b892-f4f7b3f755a5,404,App\Models\Exams\Item
f613269b-13a2-4367-81f5-3f3d6d5b011a,1032,App\Models\Exams\Item
f63ff879-ee29-4bcf-9219-6567f61d039d,553,App\Models\Exams\Item
f6459869-409f-4467-b482-3dfba61763a5,1044,App\Models\Exams\Item
f6a1a955-4294-4b48-9ae5-e20b4dc8ee93,1249,App\Models\Exams\Item
f6fba85e-ae73-4a24-ac58-5f91f715c401,278,App\Models\Exams\Item
f72c056d-4d78-4986-a0df-af589fb208dc,610,App\Models\Exams\Item
f75ba21c-3468-4031-b7a1-8601a984f803,1042,App\Models\Exams\Item
f7655a8b-fe68-46e8-a10f-5b35283fafd1,635,App\Models\Exams\Item
f7837f2b-298a-4dde-b4f7-524ee0c7ec3e,1215,App\Models\Exams\Item
f874d68f-1b4d-40c6-ba9c-ff4fa391a7a2,1039,App\Models\Exams\Item
f88e9e27-a82c-4ee4-aa39-aa1cf61128c6,915,App\Models\Exams\Item
f9bcc946-e0bb-4d41-bdb5-1de8a0022a3d,838,App\Models\Exams\Item
f9bd8886-8ed1-47f4-be50-ed484e71b8f5,16,App\Models\Exams\Item
f9c2d795-4c73-48f8-8b2d-0bfec84e9039,456,App\Models\Exams\Item
fa1aa786-04ad-4f26-b0df-efb09efae8cc,611,App\Models\Exams\Item
fa722b2c-86c9-4958-bd7e-671d4dac3e86,184,App\Models\Exams\Item
fa8e2f13-0394-4e6c-a855-6d599b42bcea,845,App\Models\Exams\Item
faaee97c-149d-42ac-b611-44aa2dcac1f0,901,App\Models\Exams\Item
fab17103-32c2-4377-8bc4-96fba57826b6,543,App\Models\Exams\Item
fac30633-2da4-4ecc-8ca6-6aebd3d308cb,431,App\Models\Exams\Item
fae5307d-79b9-4897-92ae-4f98d97ba0fa,1089,App\Models\Exams\Item
faef9287-a091-496e-bd16-dcbb31fa4b35,1048,App\Models\Exams\Item
fb11f8b1-275b-41a1-959c-c40154fbfb01,530,App\Models\Exams\Item
fb7730b3-4bbb-49db-88ee-338e8e154f40,1029,App\Models\Exams\Item
fc10fd97-6487-4457-aee5-72a9afcb60c3,689,App\Models\Exams\Item
fc1a817d-4cdd-414a-bfe4-858b9f93bd59,648,App\Models\Exams\Item
fdbb354a-790f-48e5-bbba-759730ac3598,878,App\Models\Exams\Item
fde689b6-f76f-40f1-aaf8-90cf21f6185e,1003,App\Models\Exams\Item
fdf655e1-8148-4447-8489-6cb7bb60cc94,708,App\Models\Exams\Item
fe3db0b4-7f32-4f35-9d50-44893f854ab1,885,App\Models\Exams\Item
fe96c30f-70f2-4aac-8f47-8364c528a950,722,App\Models\Exams\Item
feb9a7ce-721a-4562-a8b8-79b309ec737f,1203,App\Models\Exams\Item
ff41594e-aa95-465b-a75b-e5cfdc5d3091,489,App\Models\Exams\Item
ff8f52a4-cdbc-46ff-ab0c-122559c90cce,1047,App\Models\Exams\Item
ffee9402-458a-43c4-b0a0-6c8a0628ddd3,865,App\Models\Exams\Item
